29,29,29,29,29,29,29,29,29,29,29,29,29,29,29,29,29,29,29,29,29,29,29,29,29,29,29,29,29,29,29,29,29,29,29,29,29,29,29,29,29,29,29,29,29,29,29,29,29,29,29,29,29,29,29,29,29,29,29,29,29,29,29,29,29,29,29,29,29,29,29,29,29,29,29,29,29,29,29,29,29,29,29,29,29,29,29,29,29,29,29,29,29,29,29,29,29,29,29,29,29,29,29,29,29,29,29,29,29,29,29,29,29,29,29,29,29,29,29,29,29,29,29,29,29,29,29,29,29,29
29,29,29,29,29,29,29,29,29,29,29,29,29,29,29,29,29,29,29,29,29,29,29,29,29,29,29,29,29,29,29,29,29,29,29,29,29,29,29,29,29,29,29,29,29,29,29,29,29,29,29,29,29,29,29,29,29,29,29,29,29,29,29,29,29,29,29,29,29,29,29,29,29,29,29,29,29,29,29,29,29,29,29,29,29,29,29,29,29,29,29,29,29,29,29,29,29,29,29,29,29,29,29,29,29,29,29,29,29,29,29,29,29,29,29,29,29,29,29,29,29,29,29,29,29,29,29,29,29,29
29,29,29,29,29,29,29,29,29,29,29,29,29,29,29,29,29,29,29,29,29,29,29,29,29,29,29,29,29,29,29,29,29,29,29,29,29,29,29,29,29,29,29,29,29,29,29,29,29,29,29,29,29,29,29,29,29,29,29,29,29,29,29,29,29,29,197,197,197,197,197,197,29,29,29,29,29,29,29,29,29,29,29,29,29,29,29,29,29,29,29,29,29,29,29,29,29,29,29,29,29,29,29,29,29,29,29,29,29,29,29,29,29,29,29,29,29,29,29,29,29,29,29,29,29,29,29,29,29,29
29,29,29,29,29,29,29,29,29,29,29,29,29,29,29,29,29,29,29,29,29,29,29,29,29,29,29,29,29,29,29,29,29,29,29,29,29,29,29,29,29,29,29,29,29,29,29,29,29,29,29,29,29,29,29,29,29,29,29,29,29,29,197,197,197,197,201,225,225,225,225,225,225,225,225,202,197,201,225,202,29,29,29,29,29,29,29,29,29,29,29,29,29,29,29,29,29,29,29,29,29,197,201,225,225,225,225,202,29,29,29,29,29,29,29,29,29,29,29,29,29,29,29,29,29,29,29,29,29,29
29,29,29,29,29,29,29,29,29,29,29,29,29,29,29,29,29,29,29,29,29,29,29,29,29,29,29,29,29,29,29,29,29,29,29,29,29,29,29,29,29,29,29,29,29,29,29,29,29,29,29,29,29,29,29,29,29,29,29,29,197,197,201,202,201,225,226,264,264,264,266,264,267,264,264,224,202,198,308,224,202,197,197,197,197,197,201,225,225,202,197,197,197,201,225,225,225,225,225,225,225,225,226,264,264,264,264,224,225,202,197,29,29,29,29,29,29,29,29,29,29,29,29,29,29,29,29,29,29,29
29,29,29,29,29,29,29,29,29,29,29,29,29,29,29,29,29,33,57,57,57,57,57,57,57,57,57,57,57,57,57,34,29,29,29,29,29,29,29,29,29,29,29,29,29,29,29,29,29,29,29,29,29,29,29,29,29,29,29,197,197,201,177,230,198,264,264,264,268,267,267,266,264,268,264,264,196,229,169,169,230,201,225,202,197,201,226,308,308,196,197,201,225,226,264,264,264,264,264,264,264,264,264,264,264,264,264,264,264,224,225,225,225,202,29,29,29,29,29,29,29,29,29,29,29,29,29,29,29,29
29,29,29,29,29,29,29,29,29,29,29,29,29,29,29,33,57,58,140,140,140,140,140,140,140,140,140,140,140,140,140,56,34,29,29,29,29,29,29,29,29,29,29,29,29,29,29,29,29,29,29,29,29,29,29,29,29,29,29,197,197,229,230,201,226,264,266,267,266,264,264,268,267,264,264,264,224,225,225,225,225,226,308,224,202,229,169,169,169,230,197,229,170,308,264,264,264,264,154,155,155,155,155,155,156,264,264,264,264,264,264,264,264,224,202,197,29,29,29,29,29,29,29,29,29,29,29,29,29,29
29,29,29,29,29,29,29,29,29,29,29,29,29,29,33,58,140,140,140,140,140,140,140,140,140,140,140,140,140,140,140,140,56,34,29,29,29,29,29,29,29,29,29,29,29,29,29,29,29,29,29,29,29,29,29,29,29,29,197,201,225,225,225,226,266,264,268,268,267,264,264,264,264,264,264,264,267,264,264,268,267,264,264,264,224,202,197,197,201,225,225,202,229,169,170,264,264,264,176,177,177,177,177,177,203,155,156,264,264,264,264,264,264,264,224,202,197,29,29,29,29,29,29,29,29,29,29,29,29,29
29,29,29,29,29,29,29,29,29,29,29,29,29,29,30,140,140,140,140,140,-1610612647,140,140,140,140,140,140,140,140,140,1610612825,140,140,28,29,29,29,29,29,29,29,29,29,29,29,29,29,29,29,29,29,29,29,29,29,29,29,197,201,226,264,264,264,264,264,265,264,264,264,264,264,264,267,264,264,264,264,267,266,267,265,266,264,264,264,224,225,225,226,308,308,224,225,202,229,170,264,264,176,177,177,177,177,177,177,177,178,264,264,264,264,264,264,264,308,196,197,29,29,29,29,29,29,29,29,29,29,29,29,29
29,29,29,29,29,29,29,29,29,29,29,29,29,33,58,140,140,140,140,140,140,140,140,140,140,140,140,-1073741736,140,140,140,140,140,56,34,29,29,29,29,29,29,29,29,29,29,29,29,29,29,29,29,29,29,29,29,29,29,197,198,308,264,264,267,268,266,264,264,264,264,268,264,267,268,264,264,264,265,264,267,267,264,264,265,264,268,264,264,264,264,264,264,264,308,224,202,198,264,264,198,182,177,177,177,177,177,181,200,264,264,264,264,264,264,264,168,230,197,29,29,29,29,29,29,29,29,29,29,29,29,29
29,29,29,29,29,29,29,29,29,29,29,29,29,30,140,140,140,140,140,140,140,140,140,140,140,89,140,140,140,140,140,0,2,140,56,34,29,29,29,29,29,29,29,29,29,29,29,29,29,29,29,29,29,29,29,29,29,197,198,264,264,264,268,264,264,264,264,264,264,154,155,155,155,155,155,156,264,266,267,265,264,265,266,268,264,268,264,267,264,264,264,264,308,168,230,198,264,264,264,198,182,177,177,177,181,200,264,264,264,264,264,264,264,168,230,197,29,29,29,29,29,29,29,29,29,29,29,29,29,29
29,29,29,29,29,29,29,29,29,29,29,29,29,30,140,1610612824,140,140,140,140,140,140,140,140,140,140,140,140,140,140,0,62,30,140,140,28,29,29,29,29,29,29,29,29,29,29,29,29,29,29,29,29,29,29,29,29,197,197,198,264,264,264,264,266,264,266,267,264,154,204,177,177,177,177,177,203,156,264,264,264,264,264,264,264,265,265,264,264,264,264,264,264,308,196,201,226,264,264,264,264,198,199,199,199,200,264,264,264,264,264,264,264,168,230,197,197,29,29,29,29,29,29,29,29,29,29,29,29,29,29
29,29,29,29,29,29,29,29,29,29,29,29,33,58,140,140,140,140,140,140,-1610612648,140,140,140,140,140,140,140,140,0,62,29,61,2,140,28,29,29,29,29,29,29,29,29,29,29,29,29,29,29,29,29,29,29,29,29,197,201,226,264,264,264,265,268,268,265,264,264,176,177,177,177,177,177,177,177,203,155,155,156,264,264,264,267,264,264,264,264,264,268,264,264,168,230,198,264,264,264,264,264,264,264,264,264,264,264,264,264,264,264,264,168,230,197,197,29,29,29,29,29,29,29,29,29,29,29,29,29,29,29
29,29,29,29,29,29,29,29,29,29,29,33,58,140,140,140,140,140,140,140,140,140,140,140,140,140,140,140,140,28,29,29,33,58,140,56,34,29,29,29,29,29,29,29,29,29,29,29,29,29,29,29,29,29,29,201,225,226,264,264,264,264,264,264,264,266,264,154,204,177,177,177,177,177,177,177,177,177,177,203,156,264,264,264,264,264,266,154,156,308,264,308,196,201,226,264,264,264,264,264,264,264,264,264,264,264,264,264,264,264,264,196,197,197,29,29,29,29,29,29,29,29,29,29,29,29,29,29,29,29
29,29,29,29,29,29,29,29,29,29,33,58,140,140,0,1,1,2,140,140,140,140,140,140,140,140,140,140,140,28,29,33,58,140,140,140,28,29,29,29,29,29,29,29,29,29,29,29,29,29,29,29,29,29,201,226,308,264,264,264,266,268,264,264,266,154,155,204,177,177,177,177,177,177,177,177,177,177,177,177,203,155,155,155,155,155,155,185,200,264,265,420,421,421,422,264,264,264,264,264,264,264,264,264,264,264,264,264,264,264,168,230,197,29,29,29,29,29,29,29,29,29,29,29,29,29,29,29,29,29
29,29,29,29,29,29,29,29,29,29,30,140,89,0,62,29,29,30,140,140,140,140,140,140,140,140,140,-1610612648,140,56,57,58,140,140,140,140,28,29,29,29,29,29,29,29,29,29,29,29,29,29,29,29,29,29,198,308,264,264,264,264,264,264,264,266,154,204,177,177,177,177,177,177,177,177,177,177,177,177,177,177,177,177,177,177,177,177,177,178,267,264,264,264,196,229,170,264,264,264,264,264,264,264,264,264,264,264,264,264,264,168,230,197,29,29,29,29,29,29,29,29,29,29,29,29,29,29,29,29,29,29
29,29,29,29,29,29,29,29,29,29,30,140,140,28,29,29,29,30,140,140,140,140,-1610612647,140,140,140,140,140,140,140,140,140,140,140,140,140,28,29,29,29,29,29,29,29,29,29,29,29,29,29,29,29,29,29,198,308,264,264,265,264,264,264,264,264,176,177,177,177,177,177,177,177,177,177,177,177,177,177,177,177,177,177,177,177,177,177,177,203,155,156,264,264,224,202,229,170,264,264,264,264,264,264,264,264,264,168,169,169,169,230,29,29,29,29,29,29,29,29,29,29,29,29,29,29,29,29,29,29,29,29
29,29,29,29,29,29,29,29,29,29,30,140,140,28,29,33,57,58,140,140,140,140,140,140,140,140,140,140,140,140,140,140,140,89,140,140,28,29,29,29,29,29,29,29,29,29,29,29,29,29,29,29,29,29,198,264,264,264,264,264,264,264,264,264,176,177,177,177,177,177,177,177,177,177,177,177,177,177,177,177,177,177,177,177,177,177,177,177,177,178,268,264,308,224,202,229,170,264,264,264,264,264,264,168,169,230,197,197,29,29,29,29,29,29,29,29,29,29,29,29,29,29,29,29,29,29,29,29,29,29
29,29,29,29,29,29,29,29,29,29,61,2,140,56,57,58,140,140,140,140,-1073741736,140,140,140,140,140,140,140,140,140,1610612825,140,140,140,140,140,28,33,34,29,29,29,29,29,29,29,29,29,29,29,29,29,29,29,229,170,264,264,264,267,264,264,264,264,176,177,177,177,177,177,177,177,177,177,177,177,177,177,177,177,177,177,177,177,177,177,177,177,177,178,267,264,264,308,224,202,229,169,169,170,308,168,169,230,29,29,29,29,29,29,29,29,29,29,29,29,29,29,29,29,29,29,29,29,29,29,29,29,29,29
29,29,29,29,29,29,29,29,29,29,29,30,140,-1073741735,140,140,140,140,140,140,140,140,140,140,140,140,140,140,88,140,140,140,140,140,140,140,28,61,62,29,29,29,29,29,29,29,29,29,29,29,29,29,29,29,29,198,264,264,264,268,264,264,264,264,198,182,177,177,177,177,177,177,177,177,177,177,181,199,199,182,177,177,177,177,177,177,177,177,177,178,267,265,264,264,308,224,225,225,202,229,169,230,29,29,29,29,29,29,29,29,29,29,29,29,29,29,29,29,29,29,29,29,29,29,29,29,29,29,29,29
29,29,29,29,29,29,29,29,29,29,29,30,140,140,140,140,0,1,2,140,140,140,140,0,1,2,140,140,140,140,140,140,140,140,140,140,28,29,29,29,29,29,29,29,29,29,29,29,29,29,29,29,29,29,29,229,170,264,264,267,264,264,264,264,264,176,181,199,182,177,177,177,177,177,177,181,200,264,264,198,199,182,181,199,199,199,199,199,199,200,264,264,264,264,264,264,264,308,196,197,29,29,29,29,29,29,29,29,29,29,29,29,29,29,29,29,29,29,29,29,29,29,29,29,29,29,29,29,29,29
29,29,29,29,29,29,29,29,29,29,29,30,140,1610612824,140,0,62,29,61,2,140,140,140,28,33,58,140,140,140,140,140,140,140,140,140,140,56,34,29,29,29,29,29,29,29,29,29,29,29,29,29,29,29,29,29,29,229,170,264,264,264,264,268,265,154,185,200,266,198,199,182,177,177,177,181,200,267,264,264,264,264,198,200,268,264,264,264,264,264,264,266,264,264,264,264,264,264,168,230,29,29,29,29,29,29,29,29,29,29,29,29,29,29,29,29,29,29,29,29,29,29,29,29,29,29,29,29,29,29,29
29,29,29,29,29,29,29,29,29,29,29,30,140,140,140,28,29,29,29,30,140,140,140,56,58,140,140,140,140,140,140,140,140,140,140,140,-1610612649,28,29,29,29,29,29,29,29,29,29,29,29,29,29,29,29,29,29,29,197,198,264,264,264,267,268,264,176,178,265,264,265,264,198,199,199,199,200,267,264,264,264,264,266,268,264,264,264,264,264,267,268,264,264,264,264,264,264,264,264,196,29,29,29,29,29,29,29,29,29,29,29,29,29,29,29,29,29,29,29,29,29,29,29,29,29,29,29,29,29,29,29,29
29,29,29,29,29,29,29,29,29,29,29,61,1,2,140,56,57,57,57,58,140,140,-1073741735,140,140,140,140,140,140,140,140,140,140,140,140,140,0,62,29,29,29,29,29,29,29,29,29,29,29,29,29,29,29,29,29,29,29,229,170,264,264,264,264,268,198,200,264,264,265,264,267,264,267,268,264,264,264,264,264,264,264,264,264,264,264,264,264,264,264,264,264,264,264,264,264,264,168,230,29,29,29,29,29,29,29,29,29,29,29,29,29,29,29,29,29,29,201,225,202,197,29,29,29,29,29,29,29,29,29,29
29,29,29,29,29,29,29,29,29,29,29,29,29,61,1,1,2,140,140,140,140,140,0,1,2,140,140,140,140,140,140,140,140,140,87,0,62,29,29,29,29,29,29,29,29,29,29,29,29,29,29,29,29,29,29,29,29,29,229,170,264,264,268,154,155,156,266,265,264,264,264,264,265,264,265,264,264,264,264,264,264,264,264,264,264,264,264,264,264,264,264,264,264,264,264,168,230,29,29,29,29,29,29,29,29,29,29,201,225,225,225,202,197,197,197,201,226,308,224,225,202,29,29,29,29,29,29,29,29,29
29,29,29,29,29,29,29,29,29,29,29,29,29,29,29,29,61,1,2,140,140,0,62,29,61,2,140,140,140,140,140,140,140,1610612822,1610612822,28,33,34,29,29,29,29,29,29,29,29,29,197,197,197,29,29,29,29,29,29,29,29,197,198,308,264,264,198,199,200,268,264,264,265,268,264,264,264,267,264,264,264,264,264,264,264,264,264,264,264,264,264,264,264,264,264,264,264,264,196,197,29,29,29,29,29,29,29,29,29,197,198,308,308,308,224,225,225,225,226,308,267,308,308,224,202,29,29,29,29,29,29,29,29
29,29,29,29,29,29,29,29,29,29,29,29,29,29,29,29,29,29,61,1,1,62,29,29,29,61,2,140,140,0,2,140,140,31,116,118,61,62,1610612938,-1610612451,202,29,29,201,225,225,225,225,225,225,225,225,202,29,29,29,29,29,29,229,170,264,264,154,156,264,264,264,267,267,265,264,267,264,265,264,264,264,264,264,264,264,264,264,264,264,264,264,264,264,264,264,264,264,264,224,225,225,202,197,29,29,29,29,29,197,201,226,1610613027,-1610612447,291,308,308,308,308,168,169,169,170,308,264,224,202,29,29,29,29,29,29,29
29,29,29,29,29,29,29,29,29,29,29,29,29,29,29,29,29,29,29,29,29,29,29,29,29,29,61,1,1,62,61,1,1,1610612853,-1610612618,62,201,202,285,287,196,201,225,226,308,308,308,308,308,308,308,308,224,202,197,29,29,29,201,225,226,265,264,198,200,264,264,264,264,268,264,268,264,264,266,264,264,264,264,264,264,264,264,264,264,264,264,264,264,264,264,264,264,264,264,264,264,264,224,225,225,225,202,29,201,225,226,1610613027,-1610612446,275,-1073741534,291,308,308,168,230,197,197,229,169,170,308,196,197,29,29,29,29,29,29
29,29,29,29,29,29,29,29,29,29,29,29,29,29,29,29,29,29,29,29,29,29,29,29,29,29,29,29,29,29,29,29,29,29,29,29,229,205,177,232,230,198,264,264,264,264,264,264,264,264,264,264,264,224,202,197,197,201,226,264,264,268,264,264,264,264,264,264,264,264,264,264,264,266,264,264,264,264,264,264,264,264,264,264,264,264,264,264,264,264,264,264,264,264,264,264,264,264,264,264,264,264,224,225,226,308,1610613027,-1610612446,275,275,279,-1073741534,291,168,230,197,197,197,197,197,198,308,196,197,29,29,29,29,29,29
29,29,29,29,29,29,29,29,29,29,29,29,29,29,29,29,29,29,29,29,29,29,29,29,29,29,29,29,29,29,29,29,29,29,29,29,29,285,286,201,225,226,264,264,264,264,264,264,264,264,264,264,264,264,224,225,225,226,264,264,154,156,265,264,264,264,264,264,264,264,264,264,264,264,264,264,264,264,264,264,264,264,264,264,264,264,264,264,264,264,264,264,264,168,169,169,169,170,264,264,264,264,264,264,264,308,289,275,277,275,275,275,-1073741535,224,202,197,197,197,197,201,226,308,196,197,29,29,29,29,29,29
29,29,29,29,29,29,29,29,29,29,29,29,29,29,29,29,29,29,29,29,29,29,29,29,29,29,29,29,29,29,29,29,29,29,29,29,201,257,258,226,252,264,264,264,264,264,264,268,264,264,264,264,264,264,264,264,264,154,155,156,198,200,264,308,264,264,264,264,264,264,264,264,264,264,264,264,264,264,264,264,264,264,264,264,264,264,264,264,264,264,264,264,264,196,197,29,197,229,169,169,169,170,264,264,264,264,-1073741533,290,275,275,277,275,-1073741535,308,224,202,197,197,201,226,264,267,196,197,29,29,29,29,29,29
29,29,29,29,29,29,29,29,29,29,29,29,29,29,29,29,29,29,29,29,29,29,29,29,29,29,29,29,29,29,29,29,29,29,29,29,198,252,253,254,264,154,156,264,264,264,264,264,264,268,264,264,264,264,264,265,264,176,181,200,168,169,169,169,169,169,169,170,264,264,264,264,264,264,264,264,264,264,264,264,264,264,264,264,264,264,264,264,264,264,264,264,308,196,197,29,29,29,29,29,197,229,169,170,264,264,264,-1073741533,290,276,275,1610613026,-1610612445,308,308,224,225,225,226,267,264,168,230,197,29,29,29,29,29,29
29,29,29,29,29,29,29,29,29,29,29,29,29,29,29,29,29,29,29,29,29,29,29,29,29,29,29,29,29,29,29,29,29,29,29,201,226,308,308,264,264,176,178,264,264,264,265,268,264,264,264,264,264,264,264,154,156,198,200,268,196,197,29,29,29,29,29,229,170,264,264,264,264,264,264,264,264,264,264,264,264,264,264,264,264,264,264,264,264,264,264,264,308,196,197,29,29,29,29,29,29,29,29,229,170,264,264,264,-1073741533,1610613025,1610613025,-1610612445,308,264,264,264,264,308,264,264,168,230,197,197,29,29,29,29,29,29
29,29,29,29,29,29,29,29,29,29,29,29,29,29,29,29,29,29,29,29,29,29,29,29,29,29,29,29,29,29,29,29,29,29,197,229,170,308,308,264,264,176,178,264,264,264,264,264,265,264,264,264,264,264,264,176,178,264,264,264,196,197,29,29,29,29,29,29,229,169,169,170,264,264,264,264,264,264,264,264,264,264,264,264,264,264,264,264,264,264,264,264,308,196,29,29,29,29,29,29,29,29,29,29,198,308,264,264,268,308,1610613027,-1610612447,-1610612447,-1610612447,-1610612447,291,264,268,264,308,196,197,197,197,29,29,29,29,29,29
29,29,29,29,29,29,29,29,29,29,29,29,29,29,29,29,29,29,29,29,29,29,29,29,29,29,29,29,29,29,29,29,29,29,201,202,198,308,264,264,264,198,200,268,264,266,268,268,264,266,265,264,264,264,154,204,178,264,268,264,196,197,197,29,29,29,29,29,197,197,197,198,264,264,264,264,264,264,264,264,264,264,264,264,264,264,264,264,264,264,264,168,169,230,29,29,29,29,29,29,29,29,29,29,229,170,308,264,308,1610613027,-1610612446,275,275,275,278,-1073741535,308,268,264,308,196,197,197,197,29,29,29,29,29,29
29,29,29,29,29,29,29,29,29,29,29,29,29,29,29,29,29,29,29,29,29,29,29,29,29,29,29,29,29,29,29,29,29,201,226,196,229,170,264,264,264,264,264,154,156,264,268,267,267,264,264,264,264,264,176,181,200,264,264,268,224,202,197,197,29,29,29,29,29,29,197,229,170,308,264,264,264,264,264,264,264,264,264,264,264,264,264,264,264,264,168,230,197,29,29,29,29,29,29,29,29,29,29,29,197,198,308,265,308,289,275,275,279,275,276,-1073741534,291,308,308,168,230,197,197,197,29,29,29,29,29,29
29,29,29,29,29,29,29,29,29,29,29,29,29,29,29,29,29,29,29,29,29,29,29,29,29,29,29,29,29,29,29,29,29,198,308,224,202,198,264,264,264,264,264,176,178,264,264,265,264,264,264,264,265,264,198,200,264,264,264,264,264,224,225,202,197,29,29,29,29,29,29,29,229,169,169,169,169,169,169,170,308,264,264,264,264,264,264,264,264,168,230,197,29,29,29,29,29,29,29,29,29,29,29,29,197,198,308,308,1610613027,-1610612446,279,275,275,275,275,275,-1073741534,291,308,196,197,197,197,197,29,29,29,29,29,29
29,29,29,29,29,29,29,29,29,29,29,29,29,29,29,29,29,29,29,29,29,29,29,29,29,29,29,29,29,29,29,29,29,198,308,168,230,198,264,264,264,264,264,198,200,264,265,265,264,264,264,266,154,155,156,266,264,264,264,264,264,264,308,224,202,197,29,29,29,29,29,29,29,29,197,197,197,29,29,229,169,169,170,308,308,308,308,168,169,230,29,29,29,29,29,29,29,29,29,29,29,29,29,29,197,198,308,1610613027,-1610612446,275,275,278,275,278,275,275,275,-1073741535,308,224,225,202,197,197,29,29,29,29,29,29
29,29,29,29,29,29,29,29,29,29,29,29,29,29,29,29,29,29,29,29,29,29,29,29,29,29,29,29,29,29,29,29,197,229,169,230,201,226,264,264,264,264,264,264,154,155,155,155,155,155,155,155,204,177,203,156,264,265,264,264,264,264,264,308,224,202,197,29,29,29,29,29,29,29,29,29,29,29,29,29,197,197,229,169,169,169,169,230,29,29,29,29,29,29,29,29,29,29,29,29,29,29,29,197,201,226,308,289,275,275,275,275,275,277,275,275,275,-1073741534,291,308,308,224,202,197,197,29,29,29,29,29
29,29,29,29,29,29,29,29,29,29,29,29,29,29,29,29,29,29,29,29,29,29,29,29,29,29,29,29,29,29,29,29,197,201,225,225,226,264,264,264,264,264,154,155,204,177,177,177,177,177,177,177,177,177,177,203,156,264,264,264,266,264,264,264,308,224,202,197,29,29,29,29,29,29,29,29,29,29,29,29,29,29,29,29,29,29,29,29,29,29,29,29,29,29,29,29,29,29,29,29,29,29,29,201,226,268,1610613027,-1610612446,275,276,275,279,275,275,275,275,279,275,-1073741534,291,308,308,196,197,197,29,29,29,29,29
29,29,29,29,29,29,29,29,29,29,29,29,29,29,29,29,29,29,29,29,29,29,29,29,29,29,29,29,29,29,29,29,197,198,264,264,264,264,264,264,264,154,204,177,177,177,177,177,177,177,177,177,177,177,177,177,203,156,264,264,264,264,264,264,308,308,196,197,197,29,29,29,29,29,29,29,29,29,29,29,29,29,29,29,29,29,29,29,29,29,29,29,29,29,29,29,29,29,29,29,29,29,197,198,308,264,289,275,275,279,275,275,275,275,275,275,275,275,275,-1073741534,291,308,196,197,197,29,29,29,29,29
29,29,29,29,29,29,29,29,29,29,29,29,29,29,29,29,29,29,29,29,29,29,29,29,29,29,29,29,29,29,29,29,201,226,264,264,264,264,264,264,264,176,177,177,177,177,177,177,177,177,177,177,177,177,177,177,177,203,156,264,266,264,264,264,264,308,196,197,197,29,29,29,29,29,29,29,29,29,29,29,29,29,29,29,29,29,29,29,29,29,29,29,29,29,29,29,29,29,29,29,29,29,197,198,308,265,289,275,275,275,275,279,275,275,279,277,275,275,279,275,-1073741535,265,224,202,197,197,29,29,29,29
29,29,29,29,29,29,29,29,29,29,29,29,29,29,29,29,29,29,29,29,29,29,29,29,29,29,29,29,29,29,29,29,229,170,264,264,268,264,264,264,264,176,177,177,177,177,177,177,177,177,177,177,177,177,177,177,177,177,178,264,264,265,265,264,264,308,196,197,197,197,29,29,29,29,29,29,29,29,29,29,29,29,29,29,29,29,29,29,29,29,29,29,29,29,29,29,29,29,29,29,29,197,201,226,1610613027,-1610612447,-1610612446,275,275,275,275,275,275,275,275,275,275,275,276,275,-1073741535,264,308,196,197,197,29,29,29,29
29,29,29,29,29,29,29,29,29,29,29,29,29,29,29,29,29,29,29,29,29,29,29,29,29,29,29,29,29,29,29,29,197,229,170,268,266,264,268,264,264,176,177,177,177,177,177,177,177,177,177,177,177,177,177,177,177,177,178,264,265,268,264,266,264,308,196,197,197,197,29,29,29,29,29,29,29,29,29,29,29,29,29,29,29,29,29,29,29,29,29,29,29,29,29,29,29,29,29,201,225,225,226,308,289,275,275,275,275,276,279,275,277,275,279,275,275,275,275,275,-1073741535,264,308,196,197,197,29,29,29,29
29,29,29,29,29,29,29,29,29,29,29,29,29,29,29,29,29,29,29,29,29,29,29,29,29,29,29,29,29,29,29,29,197,197,198,264,265,268,264,268,264,176,177,177,177,177,177,177,177,177,177,177,177,177,177,177,177,181,200,266,264,264,264,264,264,168,230,201,225,202,197,29,29,29,29,29,29,29,29,29,29,29,29,29,29,29,29,29,29,29,29,29,29,29,29,29,29,29,201,226,308,1610613027,-1610612447,-1610612447,-1610612446,275,275,275,275,275,275,275,277,275,275,277,275,275,276,275,-1073741535,264,308,196,197,197,29,29,29,29
29,29,29,29,29,29,29,29,29,29,29,29,29,29,29,29,29,29,29,29,29,29,29,29,29,29,29,29,29,29,29,29,197,201,226,264,264,265,264,264,264,198,182,177,177,177,177,177,177,177,177,177,177,177,177,177,181,200,264,264,268,264,264,264,308,196,197,198,308,224,202,29,29,29,29,29,29,29,29,29,29,29,29,29,29,29,29,29,29,29,29,29,29,29,29,29,29,197,198,265,264,289,275,275,275,279,275,275,275,275,275,275,275,275,275,275,275,275,275,275,-1073741535,266,168,230,197,197,29,29,29,29
29,29,29,29,29,29,29,29,29,29,29,29,29,29,29,29,29,29,29,29,29,29,29,29,29,29,29,29,29,29,29,29,201,226,264,264,265,267,264,264,268,264,176,177,177,177,177,177,177,177,177,177,177,177,181,199,200,267,264,266,268,267,264,266,264,224,202,198,308,308,224,202,29,29,29,29,29,29,29,29,29,29,29,29,29,29,29,29,29,29,29,29,29,29,29,29,29,197,198,268,264,289,275,275,276,278,275,279,277,275,276,275,275,275,275,275,278,275,278,275,-1073741535,268,196,197,197,197,29,29,29,29
29,29,29,29,29,29,29,29,29,29,29,29,29,29,29,29,29,29,29,29,29,29,29,29,29,29,29,29,29,29,29,29,198,264,264,264,264,264,264,264,264,154,204,177,177,177,177,177,177,177,177,181,199,199,200,268,264,264,264,264,264,264,264,264,264,308,196,198,308,308,308,196,29,29,29,29,29,29,29,29,29,29,29,29,29,29,29,29,29,29,29,29,29,29,29,29,197,197,198,264,268,289,279,275,275,275,275,275,275,275,275,275,279,275,275,275,275,275,275,275,-1073741535,308,196,197,197,197,29,29,29,29
29,29,29,29,29,29,29,29,29,29,29,29,29,29,29,29,29,29,29,29,29,29,29,29,29,29,29,29,29,29,29,29,198,264,268,264,264,268,268,264,266,176,177,177,177,177,177,177,177,177,177,203,156,264,264,264,264,264,267,264,264,266,264,267,264,420,421,421,422,308,308,196,29,29,29,29,29,29,29,29,29,29,29,29,29,29,29,29,29,29,29,29,29,29,29,29,29,197,198,308,266,-1073741533,1610613025,290,275,275,275,277,275,275,275,275,276,279,275,279,275,275,1610613026,1610613025,-1610612445,168,230,197,197,197,29,29,29,29
29,29,29,29,29,29,29,29,29,29,29,29,29,29,29,29,29,29,29,29,29,29,29,29,29,29,29,29,29,29,29,29,229,170,268,268,268,265,264,264,267,176,177,177,177,181,199,199,199,182,177,177,178,268,264,265,264,264,267,264,264,264,264,264,264,308,196,229,169,169,170,196,29,29,29,29,29,29,29,29,29,29,29,29,29,29,29,29,29,29,29,29,29,29,29,29,29,197,229,169,170,308,308,-1073741533,1610613025,290,275,275,279,275,275,275,275,275,275,279,275,275,-1073741535,264,308,196,197,197,197,197,29,29,29,29
29,29,29,29,29,29,29,29,29,29,29,29,29,29,29,29,29,29,29,29,29,29,29,29,29,29,29,29,29,29,29,29,29,229,170,264,264,265,264,265,264,198,182,181,199,200,265,264,264,198,199,182,203,156,265,267,265,264,268,264,264,264,264,264,264,264,224,225,225,202,229,230,29,29,29,29,29,29,29,29,29,29,29,29,29,29,29,29,29,29,29,29,29,29,29,29,29,197,197,197,229,169,170,268,308,289,275,275,275,277,275,275,275,275,275,275,275,1610613026,-1610612445,265,168,230,197,197,197,197,29,29,29,29
29,29,29,29,29,29,29,29,29,29,29,29,29,29,29,29,29,29,29,29,29,29,29,29,29,29,29,29,29,29,29,29,29,197,229,170,264,267,266,264,264,264,198,200,268,267,265,266,268,264,264,198,182,178,264,264,268,264,264,264,264,264,264,264,264,264,264,264,264,224,225,202,29,29,29,29,29,29,29,29,29,29,29,29,29,29,29,29,29,29,29,29,29,29,29,29,29,29,197,197,197,197,198,264,264,289,275,275,275,275,275,275,275,275,1610613026,1610613025,1610613025,-1610612445,308,168,230,197,197,197,197,29,29,29,29,29
29,29,29,29,29,29,29,29,29,29,29,29,29,29,29,29,29,29,29,29,29,29,29,29,29,29,29,29,29,29,29,29,29,197,197,198,264,264,264,264,264,266,268,268,268,264,265,267,264,264,264,264,198,200,266,268,264,264,264,264,264,264,264,264,264,264,264,264,264,264,168,230,29,29,29,29,29,29,29,29,29,29,29,29,29,29,29,29,29,29,29,29,29,29,29,29,29,29,29,197,197,197,198,308,267,289,275,275,276,277,275,1610613026,1610613025,1610613025,-1610612445,268,264,264,168,230,197,197,197,197,197,29,29,29,29,29
29,29,29,29,29,29,29,29,29,29,29,29,29,29,29,29,29,29,29,29,29,29,29,29,29,29,29,29,29,29,29,29,29,197,197,198,264,268,264,264,264,264,264,264,264,265,264,264,264,264,264,264,264,154,156,264,264,264,264,264,264,264,264,264,264,264,264,264,264,264,196,197,29,29,29,29,29,29,29,29,29,29,29,29,29,29,29,29,29,29,29,29,29,29,29,29,29,29,29,197,197,197,198,308,268,-1073741533,290,275,275,275,275,-1073741534,291,308,266,264,168,169,230,197,197,197,197,197,29,29,29,29,29,29
29,29,29,29,29,29,29,29,29,29,29,29,29,29,29,29,29,29,29,29,29,29,29,29,29,29,29,29,29,29,29,29,29,29,197,229,170,264,268,264,265,265,264,264,264,268,264,264,268,264,264,264,264,198,200,266,264,264,264,264,264,264,264,264,264,264,264,264,168,169,230,29,29,29,29,29,29,29,29,29,29,29,29,29,29,29,29,29,29,29,29,29,29,29,29,29,29,29,29,29,197,197,198,308,267,308,289,275,275,275,275,1610613026,-1610612445,264,264,308,196,197,197,197,197,197,197,197,29,29,29,29,29,29
29,29,29,29,29,29,29,29,29,29,29,29,29,29,29,29,29,29,29,29,29,29,29,29,29,29,29,29,29,29,29,29,29,29,197,197,198,264,264,264,264,267,264,264,268,267,264,264,264,265,264,308,308,308,308,308,264,264,264,264,264,264,264,264,264,264,264,264,196,197,197,29,29,29,29,29,29,29,29,29,29,29,29,29,29,29,29,29,29,29,29,29,29,29,29,29,29,29,29,29,29,197,229,170,264,308,-1073741533,1610613025,1610613025,1610613025,1610613025,-1610612445,308,265,264,308,224,225,202,197,197,197,197,29,29,29,29,29,29,29
29,29,29,29,29,29,29,29,29,29,29,29,29,29,29,29,29,29,29,29,29,29,29,29,29,29,29,29,29,29,29,29,29,29,29,197,229,170,264,264,264,264,264,264,264,264,264,264,265,264,168,169,169,169,339,169,169,170,264,264,264,264,264,264,264,264,264,168,230,197,197,29,29,29,29,29,29,29,29,201,225,225,225,225,225,225,202,29,29,29,29,29,29,29,29,29,29,29,29,29,29,29,29,198,308,308,308,308,308,308,308,308,308,308,264,264,308,308,224,202,197,197,29,29,29,29,29,29,29,29
29,29,29,29,29,29,29,29,29,29,29,29,29,29,29,29,29,29,29,29,29,29,29,29,29,29,29,29,29,29,29,29,29,29,29,197,201,226,264,264,264,267,264,264,264,264,264,264,264,168,230,197,197,197,448,197,197,229,170,264,264,264,264,264,264,264,264,196,197,197,29,29,29,29,29,29,201,225,225,226,1610613188,1610613187,1610613187,1610613187,1610613187,452,224,202,29,29,29,29,29,29,29,29,29,29,29,29,29,29,201,226,308,308,308,168,169,169,169,169,169,170,308,267,264,264,308,224,202,197,29,29,29,29,29,29,29,29
29,29,29,29,29,29,29,29,29,29,29,29,29,29,29,29,29,29,29,29,29,29,29,29,29,29,29,29,29,29,29,29,29,29,29,29,198,308,308,264,264,264,264,264,264,264,267,266,264,196,197,197,201,225,395,202,197,197,229,170,264,264,264,264,264,264,168,230,197,29,29,29,29,29,29,201,226,1610613188,1610613187,1610613187,-1610612283,429,319,320,321,-1073741371,452,224,202,29,29,29,29,29,29,29,29,29,29,29,29,29,198,308,308,168,169,230,201,225,202,197,197,229,170,308,268,264,308,308,196,29,29,29,29,29,29,29,29,29
29,29,29,29,29,29,29,29,29,29,29,29,29,29,29,29,29,29,201,225,225,225,225,225,225,225,225,202,29,29,29,29,29,29,29,29,229,170,308,308,264,264,267,268,266,267,264,264,268,196,197,201,226,308,308,224,202,197,197,229,170,264,264,264,264,168,230,197,29,29,29,29,29,29,201,226,1610613188,-1610612283,429,319,320,320,369,342,368,321,-1073741371,452,224,202,29,29,29,29,29,29,29,29,29,29,29,201,226,308,308,196,29,29,229,169,230,197,197,197,198,308,264,267,308,168,230,29,29,29,29,29,29,29,29,29
29,29,29,29,29,29,29,29,29,29,29,29,29,29,29,29,29,29,198,1610613177,1610613176,1610613176,1610613176,1610613176,1610613176,1610613176,441,224,202,29,29,29,29,29,29,201,225,177,170,168,169,170,268,266,264,264,265,266,264,196,197,198,308,308,265,308,224,202,201,202,198,308,308,168,169,230,197,197,29,29,29,29,29,29,198,1610613188,-1610612283,319,320,369,342,342,342,342,342,343,429,-1073741371,452,224,225,202,29,29,29,29,29,29,29,29,29,198,308,308,308,196,29,29,29,197,197,197,197,197,229,170,308,308,168,230,29,29,29,29,29,29,29,29,29,29
29,29,29,29,29,29,29,29,29,29,29,29,29,29,201,225,225,225,226,-1073741384,418,418,418,308,309,310,-1073741382,441,224,202,29,29,29,29,201,177,169,205,177,230,197,229,170,264,264,264,264,264,264,196,197,229,169,170,264,264,308,196,198,196,198,308,168,230,197,197,29,29,29,29,29,29,29,201,226,-1073741373,319,369,342,346,364,364,347,342,342,368,320,321,-1073741371,1610613187,452,224,225,225,225,225,202,29,29,29,29,198,308,308,308,196,29,29,29,29,29,29,197,197,197,229,169,169,230,197,29,29,29,29,29,29,29,29,29,29
29,29,29,29,29,29,29,29,29,29,29,29,29,201,226,1610613177,1610613176,1610613176,1610613176,-1610612294,308,309,309,358,331,357,310,-1073741382,441,224,225,202,201,202,198,196,201,177,230,29,29,197,229,170,264,264,264,264,264,196,197,197,197,198,264,264,266,196,229,230,229,169,230,197,29,29,29,29,29,29,29,29,201,226,1610613188,-1610612283,341,342,342,343,429,429,363,364,364,347,342,368,321,429,-1073741371,1610613187,1610613187,1610613187,1610613187,452,224,225,225,225,225,226,308,308,168,230,29,29,29,29,29,29,29,29,197,197,197,197,197,29,29,29,29,29,29,29,29,29,29,29
29,29,29,29,29,29,29,29,29,29,29,201,225,226,1610613177,-1610612294,418,308,310,308,358,331,331,331,331,331,332,418,-1073741382,1610613176,441,224,226,196,229,230,229,230,29,29,29,29,197,229,170,264,264,264,168,230,197,201,225,226,308,268,308,196,197,197,197,197,197,29,29,29,29,29,29,29,29,201,226,1610613188,-1610612283,319,369,342,346,365,429,429,429,429,429,363,364,347,368,320,320,320,321,429,429,-1073741371,1610613187,1610613187,1610613187,1610613187,452,308,308,308,196,29,29,29,29,29,29,29,29,29,29,29,29,29,29,29,29,29,29,29,29,29,29,29,29,29
29,29,29,29,29,29,29,29,29,29,201,226,1610613177,1610613176,-1610612294,308,309,358,357,358,331,331,331,331,331,331,357,309,310,418,-1073741382,1610613176,441,224,225,202,29,29,29,29,29,29,29,29,229,169,170,420,421,421,421,422,308,308,308,264,168,230,197,197,29,29,29,29,29,29,29,29,29,29,201,226,1610613188,-1610612283,429,341,342,342,368,320,320,320,320,320,321,429,429,341,342,342,342,342,368,320,320,320,320,320,321,429,-1073741371,1610613187,452,308,224,202,29,29,29,29,29,29,29,29,29,29,29,29,29,29,29,29,29,29,29,29,29,29,29,29
29,29,29,29,29,29,29,29,29,201,226,1610613177,-1610612294,308,309,358,331,331,331,331,331,331,331,331,331,-1073741427,331,331,357,310,418,418,440,308,308,224,202,29,29,29,29,29,29,29,29,29,229,169,230,197,229,169,169,169,169,169,230,197,197,29,29,29,29,29,29,29,29,29,29,29,198,1610613188,-1610612283,319,320,369,342,342,342,342,342,342,342,342,368,320,320,369,342,346,364,364,347,342,342,342,342,342,343,429,429,429,-1073741371,1610613187,452,224,225,225,225,225,202,29,29,29,29,29,29,29,29,29,29,29,29,29,29,29,29,29,29,29
29,29,29,29,29,29,29,29,201,226,1610613177,-1610612294,308,358,331,331,331,331,331,331,331,331,331,331,331,331,331,331,335,354,418,418,-1073741382,1610613176,441,308,196,29,29,29,29,29,29,29,29,29,29,29,29,29,197,197,197,197,197,197,29,29,29,29,29,29,29,29,29,29,29,29,29,201,226,-1073741373,319,369,342,346,364,364,364,364,364,347,342,342,342,342,342,342,342,368,321,429,341,342,342,346,364,364,365,429,429,429,429,429,-1073741371,452,1610613188,1610613187,1610613187,452,224,202,29,29,29,29,29,29,29,29,29,29,29,29,29,29,29,29,29,29
29,29,29,29,29,29,29,201,226,1610613177,-1610612294,418,352,336,331,331,331,13,15,331,331,331,-1610612339,331,331,331,331,331,357,309,309,310,418,418,-1073741382,441,196,29,29,29,29,29,29,29,29,29,29,29,29,29,29,29,29,29,29,29,29,29,29,29,29,29,29,29,29,29,29,29,201,226,1610613188,-1610612283,341,342,342,368,321,319,320,321,429,341,342,342,342,346,364,347,346,364,328,320,369,342,346,365,429,429,429,429,429,429,429,429,429,-1073741371,-1610612283,429,429,-1073741371,452,224,202,29,29,29,29,29,29,29,29,29,29,29,29,29,29,29,29,29
29,29,29,29,29,29,201,226,1610613177,-1610612294,308,309,309,358,331,331,331,41,74,15,331,331,331,396,331,331,331,331,331,331,-1610612340,357,310,418,418,440,196,29,29,29,29,29,29,29,29,29,29,29,29,29,29,29,29,29,29,29,29,29,29,29,29,29,201,225,225,225,225,225,226,1610613188,-1610612283,319,369,342,342,342,343,363,364,365,319,369,342,342,342,368,321,363,365,319,369,342,342,346,365,181,182,182,182,182,182,182,183,429,429,319,320,320,321,429,-1073741371,452,224,202,29,29,29,29,29,29,29,29,29,29,29,29,29,29,29,29
29,29,29,29,29,29,198,1610613177,-1610612294,308,358,-1610612339,331,331,331,331,331,69,70,71,331,331,331,331,331,331,331,331,331,331,-1610612339,331,357,310,418,440,196,29,29,29,29,29,29,29,29,29,29,29,29,29,29,29,29,29,29,29,201,225,225,225,225,225,226,1610613188,1610613187,1610613187,452,1610613188,1610613187,-1610612283,319,369,342,342,342,342,368,320,320,321,363,364,364,364,347,342,368,320,320,369,342,342,346,365,181,243,210,210,210,210,210,210,242,182,183,363,347,342,368,320,321,-1073741371,452,224,202,29,29,29,29,29,29,29,29,29,29,29,29,29,29,29
29,29,29,29,29,29,198,-1073741384,308,358,-1610612340,331,331,331,13,14,15,153,153,153,13,15,331,331,331,331,331,331,331,331,331,331,331,332,418,440,196,29,29,29,29,29,29,29,29,29,29,29,29,29,29,29,29,201,225,225,226,1610613188,1610613187,1610613187,1610613187,1610613187,1610613187,-1610612283,429,429,-1073741371,-1610612283,429,429,363,364,364,364,364,347,342,342,346,365,181,182,183,429,341,342,346,347,342,342,342,346,365,181,243,210,210,210,210,210,210,210,210,210,211,429,341,342,342,342,368,321,-1073741371,452,224,202,29,29,29,29,29,29,29,29,29,29,29,29,29,29
29,29,29,29,29,29,198,-1073741384,330,331,331,331,13,14,75,42,74,14,14,15,69,71,331,331,331,331,331,331,331,335,353,336,331,332,418,440,196,29,29,29,29,29,29,29,29,29,29,29,29,29,29,29,201,226,1610613188,1610613187,1610613187,-1610612283,429,319,320,320,320,320,320,321,429,181,182,182,182,183,429,429,429,363,347,346,365,181,243,214,239,319,369,342,343,363,364,347,342,343,429,209,210,210,210,210,210,210,214,238,215,210,242,183,341,342,342,342,342,343,429,-1073741371,452,196,29,29,29,29,29,29,29,29,29,29,29,29,29,29
29,29,29,29,29,29,198,-1073741384,330,331,331,331,41,42,42,42,42,42,42,43,331,331,331,331,331,397,331,331,331,332,418,330,331,332,418,440,196,29,29,29,29,29,29,29,29,29,29,29,29,29,201,225,226,1610613188,-1610612283,319,320,320,320,369,346,347,342,342,346,365,181,243,210,210,210,242,182,182,182,182,183,365,429,209,214,239,319,369,342,342,368,320,320,369,346,365,429,209,210,210,214,238,215,210,211,321,237,215,210,211,363,347,342,342,342,368,321,429,451,196,29,29,29,29,29,29,29,29,29,29,29,29,29,29
29,29,29,29,29,29,198,-1073741384,352,336,331,331,69,47,42,42,42,42,46,71,331,331,331,331,331,331,331,331,331,332,308,358,331,332,418,440,224,202,29,29,29,29,29,29,29,29,29,29,29,29,198,1610613188,1610613187,-1610612283,319,350,347,342,342,342,343,363,364,364,365,181,243,214,238,238,215,210,210,210,210,210,211,429,429,209,211,429,341,342,346,364,364,347,342,342,343,429,429,209,210,214,239,321,209,210,211,321,181,243,210,211,429,341,342,342,342,342,343,429,451,196,29,29,29,29,29,29,29,29,29,29,29,29,29,29
29,29,29,29,29,29,198,-1073741384,308,358,331,331,331,69,47,42,42,42,43,331,331,331,331,331,331,331,331,331,331,357,358,331,331,357,310,-1073741382,441,196,29,29,29,29,29,29,29,29,29,29,29,201,226,-1073741373,429,319,369,343,363,347,342,346,365,181,182,182,182,243,214,239,321,321,237,215,210,214,238,215,242,183,181,243,211,319,369,346,365,429,429,363,347,342,343,429,429,209,210,242,182,182,243,210,242,182,243,210,210,211,429,341,342,342,342,342,343,1610613189,-1610612284,196,29,29,29,29,29,29,29,29,29,29,29,29,29,29
29,29,29,29,29,29,198,-1073741384,352,353,353,336,-1610612340,331,69,70,70,70,71,331,331,335,336,331,331,331,331,-1073741427,331,331,331,331,331,331,332,418,440,196,29,29,29,29,29,29,29,29,29,29,201,226,1610613188,-1610612283,319,369,346,365,429,341,342,343,181,243,214,238,238,215,242,183,321,321,321,209,210,211,321,209,210,242,243,214,239,363,364,365,181,182,182,183,363,364,365,429,429,237,215,210,210,210,214,238,215,214,215,210,214,239,429,341,342,342,342,342,343,-1073741371,452,224,202,29,29,29,29,29,29,29,29,29,29,29,29,29
29,29,29,29,29,29,198,-1073741383,-1610612296,442,418,352,353,336,331,331,331,331,331,331,331,357,358,331,331,331,331,331,13,15,331,331,331,335,354,418,440,196,29,29,29,29,29,29,29,29,29,29,198,308,-1073741373,319,369,342,343,429,429,341,342,343,237,238,239,429,429,209,210,211,321,321,181,243,214,239,181,243,210,214,215,242,182,183,429,181,243,214,215,242,183,429,429,429,181,183,237,215,210,214,190,182,243,242,243,214,239,429,319,369,342,342,342,342,368,321,-1073741371,452,196,29,29,29,29,29,29,29,29,29,29,29,29,29
29,29,29,29,29,29,229,169,170,-1073741383,442,418,418,352,353,336,-1073741427,331,331,396,331,331,331,331,331,331,13,14,75,43,331,396,331,357,310,418,440,196,29,29,29,29,29,29,29,29,29,29,198,308,-1073741373,341,342,342,368,320,321,341,346,328,320,321,429,429,429,237,215,242,182,182,243,210,242,182,243,214,238,239,209,214,215,211,429,209,214,239,237,238,239,429,429,429,237,190,183,209,210,242,218,238,238,215,214,239,429,429,341,342,342,342,342,342,342,343,429,451,196,29,29,29,29,29,29,29,29,29,29,29,29,29
29,29,29,29,29,29,29,29,229,170,-1073741383,442,418,418,418,352,336,331,331,331,397,331,331,331,331,331,69,47,42,74,15,331,-1610612339,331,332,418,440,196,29,29,29,29,29,29,29,29,29,29,198,308,-1073741373,363,364,347,342,342,343,341,368,350,364,365,181,182,182,183,237,215,210,210,210,210,210,210,214,239,321,321,209,211,209,242,183,209,211,429,319,320,320,320,321,429,181,218,239,237,215,210,242,182,182,243,211,429,319,320,369,342,342,342,342,342,342,368,321,451,196,29,29,29,29,29,29,29,29,29,29,29,29,29
29,29,29,29,29,29,29,29,29,229,170,-1073741383,-1610612296,-1610612296,442,418,352,353,336,331,331,331,331,331,13,15,153,41,42,46,71,331,331,331,332,418,440,196,29,29,29,29,29,29,29,29,29,29,198,308,-1073741372,453,429,363,347,342,368,369,342,343,181,182,243,214,215,242,182,243,210,210,210,210,210,214,239,321,321,181,243,211,237,215,242,243,211,319,369,342,342,342,368,321,237,239,429,429,237,238,238,238,238,238,239,429,341,342,342,342,342,342,342,342,342,346,365,451,196,29,29,29,29,29,29,29,29,29,29,29,29,29
29,29,29,29,29,29,29,29,29,29,229,169,169,170,-1073741384,418,418,418,330,331,331,331,13,14,75,74,15,69,70,71,331,331,331,335,354,418,440,196,29,29,29,29,29,29,29,29,29,29,229,169,170,-1073741372,453,429,341,342,342,342,342,343,237,238,238,239,237,238,215,210,210,210,210,210,210,242,183,321,321,209,214,239,429,237,238,238,239,341,342,342,342,342,342,368,320,320,320,321,429,429,319,320,320,321,429,319,369,342,342,342,342,342,342,342,346,365,1610613189,-1610612284,196,29,29,29,29,29,29,29,29,29,29,29,29,29
29,29,29,29,29,29,29,29,29,29,29,29,29,198,-1073741383,442,418,418,352,336,331,331,69,47,42,42,74,15,331,331,331,331,335,354,418,1610613178,-1610612295,196,29,29,29,29,29,29,29,29,29,29,29,29,229,170,-1073741372,453,363,347,342,346,347,368,320,321,429,429,181,182,243,214,238,215,210,214,215,210,242,182,182,243,211,429,319,321,429,429,429,363,347,342,342,342,342,346,347,342,342,368,320,320,369,342,342,368,320,369,342,342,342,342,342,342,342,346,365,1610613189,-1610612284,168,230,29,29,29,29,29,29,29,29,29,29,29,29,29
29,29,29,29,29,29,29,29,29,29,29,29,29,229,170,-1073741383,442,418,418,330,331,331,331,69,47,42,46,71,331,331,335,336,332,418,418,440,168,230,29,29,29,29,29,29,29,29,29,29,29,29,29,229,170,-1073741372,453,363,364,328,369,342,346,365,181,182,243,214,215,242,182,243,214,239,209,210,214,238,238,238,239,319,369,368,320,321,429,429,363,364,364,347,342,343,363,364,347,342,342,342,342,342,342,342,342,342,342,342,342,342,342,342,346,365,1610613189,-1610612284,168,230,29,29,29,29,29,29,29,29,29,29,29,29,29,29
29,29,29,29,29,29,29,29,29,29,29,29,29,29,229,170,-1073741383,442,418,352,336,331,331,331,69,70,71,331,331,331,357,339,354,418,1610613178,-1610612295,196,29,29,29,29,29,29,29,29,29,29,29,29,29,29,29,229,170,-1073741373,429,429,341,342,342,343,181,243,214,238,239,237,215,210,214,239,429,209,214,239,429,429,429,429,341,342,342,342,343,429,429,1610613189,453,429,341,342,368,321,319,369,346,364,347,342,342,342,342,342,342,342,342,342,342,342,346,365,1610613189,-1610612284,168,230,29,29,29,29,29,29,29,29,29,29,29,29,29,29,29
29,29,29,29,29,29,29,29,29,29,29,29,29,29,29,229,170,-1073741383,-1610612296,442,352,353,353,353,353,336,331,331,331,335,353,354,418,1610613178,-1610612295,168,230,29,29,29,29,29,29,29,29,29,29,29,29,29,29,29,29,198,-1073741372,-1610612285,453,363,364,347,343,237,238,239,429,429,429,237,238,239,429,429,237,239,319,320,320,320,320,369,342,342,346,365,429,1610613189,-1610612284,-1073741372,453,363,347,342,368,369,346,365,429,363,364,364,347,342,342,342,342,342,342,346,364,365,1610613189,-1610612284,168,230,29,29,29,29,29,29,29,29,29,29,29,29,29,29,29,29
29,29,29,29,29,29,29,29,29,29,29,29,29,29,29,29,229,169,170,-1073741383,-1610612296,442,418,418,418,352,353,336,335,354,418,418,1610613178,-1610612295,168,230,29,29,29,29,29,29,29,29,29,29,29,29,29,29,29,29,29,229,169,170,-1073741372,453,429,363,365,429,429,319,320,321,429,429,429,429,429,429,429,429,363,364,364,364,364,364,364,364,365,429,1610613189,-1610612284,168,170,-1073741372,453,363,364,364,364,365,1610613189,-1610612285,453,429,429,363,364,364,364,364,364,364,365,429,1610613189,-1610612284,168,230,29,29,29,29,29,29,29,29,29,29,29,29,29,29,29,29,29
29,29,29,29,29,29,29,29,29,29,29,29,29,29,29,29,29,29,229,169,170,-1073741383,-1610612296,-1610612296,-1610612296,418,418,352,354,1610613178,-1610612296,-1610612296,-1610612295,168,230,29,29,29,29,29,29,29,29,29,29,29,29,29,29,29,29,29,29,29,29,229,170,-1073741372,-1610612285,-1610612285,-1610612285,-1610612285,453,363,364,365,429,429,429,429,1610613189,-1610612285,-1610612285,-1610612285,-1610612285,-1610612285,-1610612285,-1610612285,-1610612285,-1610612285,-1610612285,-1610612285,-1610612285,-1610612285,-1610612284,264,196,229,170,-1073741372,-1610612285,-1610612285,-1610612285,-1610612285,-1610612285,-1610612284,1610612990,-1073741372,-1610612285,-1610612285,-1610612285,-1610612285,-1610612285,-1610612285,-1610612285,-1610612285,-1610612285,453,1610613189,-1610612284,168,230,29,29,29,29,29,29,29,29,29,29,29,29,29,29,29,29,29,29
29,29,29,29,29,29,29,29,29,29,29,29,29,29,29,29,29,29,29,29,229,169,169,169,170,-1073741383,-1610612296,-1610612296,-1610612296,-1610612295,168,169,169,230,29,29,29,29,29,29,29,29,29,29,29,29,29,29,29,29,29,29,29,29,29,29,229,169,169,169,169,170,-1073741372,-1610612285,-1610612285,-1610612285,-1610612285,-1610612285,-1610612285,-1610612285,-1610612284,168,169,169,169,169,169,169,169,169,169,169,169,169,169,169,230,29,229,169,169,169,169,169,169,169,232,169,169,169,169,169,169,169,169,169,170,-1073741372,-1610612284,168,230,29,29,29,29,29,29,29,29,29,29,29,29,29,29,29,29,29,29,29
29,29,29,29,29,29,29,29,29,29,29,29,29,29,29,29,29,29,29,29,29,29,29,29,229,169,169,169,169,169,230,29,29,29,29,29,29,29,29,29,29,29,29,29,29,29,29,29,29,29,29,29,29,29,29,29,29,29,29,29,29,229,169,169,169,169,169,169,169,169,169,230,29,29,29,29,29,29,29,29,29,29,29,29,29,29,29,29,29,29,29,29,29,29,29,29,29,29,29,29,29,29,29,29,29,29,229,169,169,230,29,29,29,29,29,29,29,29,29,29,29,29,29,29,29,29,29,29,29,29
29,29,29,29,29,29,29,29,29,29,29,29,29,29,29,29,29,29,29,29,29,29,29,29,29,29,29,29,29,29,29,29,29,29,29,29,29,29,29,29,29,29,29,29,29,29,29,29,29,29,29,29,29,29,29,29,29,29,29,29,29,29,29,29,29,29,29,29,29,29,29,29,29,29,29,29,29,29,29,29,29,29,29,29,29,29,29,29,29,29,29,29,29,29,29,29,29,29,29,29,29,29,29,29,29,29,29,29,29,29,29,29,29,29,29,29,29,29,29,29,29,29,29,29,29,29,29,29,29,29
